Andorra					
Antigua and Barbuda					
Argentina					
Australia					
Austria					
Bahamas					
Barbados					
Belgium					
Canada					
Chile					
Costa Rica					
Croatia					
Cyprus					
Czech Republic					
Denmark					
Estonia					
Finland					
France					
Germany					
Greece					
Hungary					
Iceland					
Ireland					
Italy					
Latvia					
Liechtenstein					
Lithuania					
Luxembourg					
Malta					
Monaco					
Netherlands					
New Zealand					
Panama					
Poland					
Portugal					
Slovakia					
Slovenia					
Spain					
Sweden					
Switzerland					
Trinidad and Tobago					
United Kingdom					
United States					
Uruguay					
Vatican City